Question,Answer
"Tiệm Nail của bạn tên gì?", "Tiệm của chúng tôi tên là Nailistas, chuyên cung cấp dịch vụ chăm sóc móng chất lượng cao."
"Bạn có chi nhánh nào không?", "Chúng tôi có các chi nhánh tại TP.HCM, Hà Nội và Đà Nẵng."
"Tiệm Nail của bạn mở cửa vào những giờ nào?", "Nailistas mở cửa từ 9:00 AM đến 8:00 PM hàng ngày."
"Bạn có các dịch vụ gì?", "Chúng tôi cung cấp các dịch vụ như làm móng, sơn móng gel, nail art, chăm sóc móng và nhiều dịch vụ khác."
"Tiệm của bạn có giảm giá không?", "Chúng tôi có các chương trình giảm giá vào các dịp đặc biệt như 20/10, Tết, và các chương trình khuyến mãi hàng tháng."
"Thời gian làm móng mất bao lâu?", "Thời gian làm móng tùy vào loại dịch vụ bạn chọn, thường dao động từ 30 phút đến 1 tiếng."
"Chất liệu sơn bạn sử dụng có an toàn không?", "Chúng tôi chỉ sử dụng sơn chất lượng cao, an toàn và không gây hại cho sức khỏe."
"Bạn có nhận đặt lịch trước không?", "Có, bạn có thể đặt lịch hẹn trực tiếp trên website của chúng tôi hoặc qua số điện thoại."
"Giá dịch vụ làm móng như thế nào?", "Giá dịch vụ làm móng của chúng tôi dao động từ 100.000 VNĐ đến 500.000 VNĐ tùy vào dịch vụ bạn chọn."
"Bạn có làm móng cho khách hàng nam không?", "Chúng tôi cung cấp dịch vụ làm móng cho cả khách hàng nam và nữ."
"Tiệm của bạn có chỗ đậu xe không?", "Có, chúng tôi có chỗ đậu xe rộng rãi và an toàn cho khách hàng."
"Bạn có các dịch vụ chăm sóc móng tay hay móng chân không?", "Chúng tôi cung cấp dịch vụ chăm sóc cả móng tay và móng chân, bao gồm cắt móng, sơn móng, và chăm sóc da."
"Có dịch vụ nail art không?", "Chúng tôi có dịch vụ nail art với rất nhiều kiểu dáng và họa tiết, từ đơn giản đến cầu kỳ."
"Thời gian làm móng gel mất bao lâu?", "Làm móng gel thường mất khoảng 45 phút đến 1 tiếng tùy vào kiểu dáng bạn chọn."
"Tiệm có nhận làm móng cho nhóm không?", "Có, chúng tôi nhận làm móng cho nhóm khách hàng và có các ưu đãi đặc biệt khi đặt nhóm."
"Bạn có nhận làm móng cho tiệc cưới không?", "Chúng tôi cung cấp dịch vụ làm móng cho cô dâu và các khách mời trong tiệc cưới."
"Khách hàng có thể yêu cầu mẫu nail nào không?", "Chắc chắn rồi, bạn có thể yêu cầu mẫu nail mình thích, nhân viên của chúng tôi sẽ thực hiện theo yêu cầu của bạn."
"Bạn có dịch vụ tháo móng gel không?", "Chúng tôi có dịch vụ tháo móng gel an toàn, không làm hại đến móng tay."
"Tiệm có nhận làm móng cho sự kiện không?", "Chúng tôi nhận làm móng cho các sự kiện như tiệc tùng, lễ hội, họp mặt, v.v."
"Tiệm của bạn có nhận chăm sóc móng tại nhà không?", "Hiện tại chúng tôi chỉ nhận chăm sóc móng tại tiệm, không cung cấp dịch vụ tại nhà."
"Chất liệu sơn bạn dùng có phù hợp cho mọi loại da không?", "Chúng tôi sử dụng sơn móng an toàn và phù hợp cho mọi loại da, kể cả da nhạy cảm."
"Tiệm có sử dụng sản phẩm organic không?", "Chúng tôi cam kết sử dụng các sản phẩm chăm sóc móng an toàn, một số sản phẩm cũng là organic."
"Tiệm có chương trình thẻ khách hàng thân thiết không?", "Có, chúng tôi có chương trình thẻ khách hàng thân thiết với nhiều ưu đãi đặc biệt cho các khách hàng thường xuyên."
"Tiệm có dịch vụ làm móng cho trẻ em không?", "Chúng tôi không cung cấp dịch vụ làm móng cho trẻ em dưới 12 tuổi để đảm bảo sức khỏe cho các bé."
"Bạn có nhận khách hàng không hẹn trước không?", "Chúng tôi nhận khách hàng đến trực tiếp, tuy nhiên, việc đặt lịch trước sẽ giúp bạn tránh phải chờ lâu."
"Bạn có sử dụng sơn móng lâu trôi không?", "Có, chúng tôi sử dụng các loại sơn móng lâu trôi và bền màu, giúp móng giữ được vẻ đẹp lâu dài."
"Tiệm của bạn có nhận phục hồi móng hư tổn không?", "Chúng tôi cung cấp dịch vụ phục hồi móng hư tổn, giúp bạn lấy lại sức khỏe cho móng tay."
"Tiệm có nhận làm móng cho các dịp lễ hội không?", "Có, chúng tôi có các gói dịch vụ đặc biệt cho các dịp lễ hội như Tết, Giáng Sinh, và các ngày lễ khác."
"Giá làm móng có tính theo loại sơn không?", "Giá làm móng có thể thay đổi tùy thuộc vào loại sơn và dịch vụ bạn chọn."
